BBallRef,NBAcom
OG Anunoby,O.G. Anunoby
Patrick Baldwin Jr.,Patrick Baldwin
Dāvis Bertāns,Davis Bertans
Bogdan Bogdanović,Bogdan Bogdanovic
Bojan Bogdanović,Bojan Bogdanovic
John Butler,John Butler Jr.
Vlatko Čančar,Vlatko Cancar
Moussa Diabaté,Moussa Diabate
Luka Dončić,Luka Doncic
Jeff Dowtin,Jeff Dowtin Jr.
Goran Dragić,Goran Dragic
Juancho Hernangómez,Juancho Hernangomez
Willy Hernangómez,Willy Hernangomez
Nikola Jokić,Nikola Jokic
Nikola Jović,Nikola Jovic
Kevin Knox,Kevin Knox II
Théo Maledon,Theo Maledon
Boban Marjanović,Boban Marjanovic
Marcus Morris,Marcus Morris Sr.
Jusuf Nurkić,Jusuf Nurkic
Kristaps Porziņģis,Kristaps Porzingis
Luka Šamanić,Luka Samanic
Dario Šarić,Dario Saric
Dennis Schröder,Dennis Schroder
Alperen Şengün,Alperen Sengun
Xavier Tillman Sr.,Xavier Tillman
Jonas Valančiūnas,Jonas Valanciunas
Nikola Vučević,Nikola Vucevic
Robert Williams,Robert Williams III
Precious Achiuwa,Precious Achiuwa
Steven Adams,Steven Adams
Bam Adebayo,Bam Adebayo
Ochai Agbaji,Ochai Agbaji
Santi Aldama,Santi Aldama
Nickeil Alexander-Walker,Nickeil Alexander-Walker
Grayson Allen,Grayson Allen
Jarrett Allen,Jarrett Allen
Jose Alvarado,Jose Alvarado
Kyle Anderson,Kyle Anderson
Giannis Antetokounmpo,Giannis Antetokounmpo
Thanasis Antetokounmpo,Thanasis Antetokounmpo
Cole Anthony,Cole Anthony
Ryan Arcidiacono,Ryan Arcidiacono
Deni Avdija,Deni Avdija
Deandre Ayton,Deandre Ayton
Udoka Azubuike,Udoka Azubuike
Marvin Bagley III,Marvin Bagley III
LaMelo Ball,LaMelo Ball
Mo Bamba,Mo Bamba
Paolo Banchero,Paolo Banchero
Desmond Bane,Desmond Bane
Dalano Banton,Dalano Banton
Dominick Barlow,Dominick Barlow
Harrison Barnes,Harrison Barnes
Scottie Barnes,Scottie Barnes
RJ Barrett,RJ Barrett
Will Barton,Will Barton
Charles Bassey,Charles Bassey
Keita Bates-Diop,Keita Bates-Diop
Nicolas Batum,Nicolas Batum
Darius Bazley,Darius Bazley
Bradley Beal,Bradley Beal
Malik Beasley,Malik Beasley
MarJon Beauchamp,MarJon Beauchamp
Patrick Beverley,Patrick Beverley
Saddiq Bey,Saddiq Bey
Khem Birch,Khem Birch
Goga Bitadze,Goga Bitadze
Bismack Biyombo,Bismack Biyombo
Buddy Boeheim,Buddy Boeheim
Bol Bol,Bol Bol
Leandro Bolmaro,Leandro Bolmaro
Devin Booker,Devin Booker
Brandon Boston Jr.,Brandon Boston Jr.
Chris Boucher,Chris Boucher
James Bouknight,James Bouknight
Jamaree Bouyea,Jamaree Bouyea
Tony Bradley,Tony Bradley
Malaki Branham,Malaki Branham
Jarrell Brantley,Jarrell Brantley
Christian Braun,Christian Braun
Mikal Bridges,Mikal Bridges
Oshae Brissett,Oshae Brissett
Malcolm Brogdon,Malcolm Brogdon
Dillon Brooks,Dillon Brooks
Bruce Brown,Bruce Brown
Greg Brown III,Greg Brown III
Jaylen Brown,Jaylen Brown
Kendall Brown,Kendall Brown
Moses Brown,Moses Brown
Sterling Brown,Sterling Brown
Troy Brown Jr.,Troy Brown Jr.
Jalen Brunson,Jalen Brunson
Thomas Bryant,Thomas Bryant
Reggie Bullock,Reggie Bullock
Alec Burks,Alec Burks
Deonte Burton,Deonte Burton
Jared Butler,Jared Butler
Jimmy Butler,Jimmy Butler
Jamal Cain,Jamal Cain
Kentavious Caldwell-Pope,Kentavious Caldwell-Pope
Facundo Campazzo,Facundo Campazzo
Clint Capela,Clint Capela
Vernon Carey Jr.,Vernon Carey Jr.
Jevon Carter,Jevon Carter
Wendell Carter Jr.,Wendell Carter Jr.
Michael Carter-Williams,Michael Carter-Williams
Alex Caruso,Alex Caruso
Julian Champagnie,Julian Champagnie
Justin Champagnie,Justin Champagnie
Kennedy Chandler,Kennedy Chandler
Max Christie,Max Christie
Josh Christopher,Josh Christopher
Brandon Clarke,Brandon Clarke
Jordan Clarkson,Jordan Clarkson
Nic Claxton,Nic Claxton
Amir Coffey,Amir Coffey
John Collins,John Collins
Zach Collins,Zach Collins
Chance Comanche,Chance Comanche
Mike Conley,Mike Conley
Pat Connaughton,Pat Connaughton
Xavier Cooks,Xavier Cooks
Robert Covington,Robert Covington
Torrey Craig,Torrey Craig
Jae Crowder,Jae Crowder
Jarrett Culver,Jarrett Culver
Cade Cunningham,Cade Cunningham
Seth Curry,Seth Curry
Stephen Curry,Stephen Curry
Dyson Daniels,Dyson Daniels
Anthony Davis,Anthony Davis
Johnny Davis,Johnny Davis
Terence Davis,Terence Davis
JD Davison,JD Davison
Darius Days,Darius Days
Dewayne Dedmon,Dewayne Dedmon
Matthew Dellavedova,Matthew Dellavedova
DeMar DeRozan,DeMar DeRozan
Mamadi Diakite,Mamadi Diakite
Hamidou Diallo,Hamidou Diallo
Gorgui Dieng,Gorgui Dieng
Ousmane Dieng,Ousmane Dieng
Spencer Dinwiddie,Spencer Dinwiddie
Donte DiVincenzo,Donte DiVincenzo
Tyler Dorsey,Tyler Dorsey
Luguentz Dort,Luguentz Dort
Ayo Dosunmu,Ayo Dosunmu
Devon Dotson,Devon Dotson
PJ Dozier,PJ Dozier
Andre Drummond,Andre Drummond
Chris Duarte,Chris Duarte
David Duke Jr.,David Duke Jr.
Kris Dunn,Kris Dunn
Kevin Durant,Kevin Durant
Jalen Duren,Jalen Duren
Tari Eason,Tari Eason
Anthony Edwards,Anthony Edwards
Kessler Edwards,Kessler Edwards
Keon Ellis,Keon Ellis
Joel Embiid,Joel Embiid
Drew Eubanks,Drew Eubanks
Bruno Fernando,Bruno Fernando
Dorian Finney-Smith,Dorian Finney-Smith
Malachi Flynn,Malachi Flynn
Simone Fontecchio,Simone Fontecchio
Bryn Forbes,Bryn Forbes
Trent Forrest,Trent Forrest
Evan Fournier,Evan Fournier
De'Aaron Fox,De'Aaron Fox
Markelle Fultz,Markelle Fultz
Wenyen Gabriel,Wenyen Gabriel
Daniel Gafford,Daniel Gafford
Darius Garland,Darius Garland
Usman Garuba,Usman Garuba
Luka Garza,Luka Garza
Rudy Gay,Rudy Gay
Paul George,Paul George
Taj Gibson,Taj Gibson
Josh Giddey,Josh Giddey
Shai Gilgeous-Alexander,Shai Gilgeous-Alexander
Anthony Gill,Anthony Gill
Jacob Gilyard,Jacob Gilyard
Rudy Gobert,Rudy Gobert
Jordan Goodwin,Jordan Goodwin
Aaron Gordon,Aaron Gordon
Eric Gordon,Eric Gordon
Devonte' Graham,Devonte' Graham
Jerami Grant,Jerami Grant
RaiQuan Gray,RaiQuan Gray
Danny Green,Danny Green
Draymond Green,Draymond Green
Jalen Green,Jalen Green
JaMychal Green,JaMychal Green
Javonte Green,Javonte Green
Jeff Green,Jeff Green
Josh Green,Josh Green
AJ Griffin,AJ Griffin
Blake Griffin,Blake Griffin
Quentin Grimes,Quentin Grimes
Rui Hachimura,Rui Hachimura
Tyrese Haliburton,Tyrese Haliburton
Jordan Hall,Jordan Hall
R.J. Hampton,R.J. Hampton
Tim Hardaway Jr.,Tim Hardaway Jr.
James Harden,James Harden
Jaden Hardy,Jaden Hardy
Ron Harper Jr.,Ron Harper Jr.
Montrezl Harrell,Montrezl Harrell
Gary Harris,Gary Harris
Joe Harris,Joe Harris
Kevon Harris,Kevon Harris
Tobias Harris,Tobias Harris
Shaquille Harrison,Shaquille Harrison
Josh Hart,Josh Hart
Isaiah Hartenstein,Isaiah Hartenstein
Udonis Haslem,Udonis Haslem
Sam Hauser,Sam Hauser
Jaxson Hayes,Jaxson Hayes
Killian Hayes,Killian Hayes
Gordon Hayward,Gordon Hayward
Tyler Herro,Tyler Herro
Buddy Hield,Buddy Hield
Haywood Highsmith,Haywood Highsmith
George Hill,George Hill
Aaron Holiday,Aaron Holiday
Jrue Holiday,Jrue Holiday
Justin Holiday,Justin Holiday
Richaun Holmes,Richaun Holmes
Al Horford,Al Horford
Talen Horton-Tucker,Talen Horton-Tucker
Danuel House Jr.,Danuel House Jr.
Caleb Houstan,Caleb Houstan
Trevor Hudgins,Trevor Hudgins
Kevin Huerter,Kevin Huerter
Jay Huff,Jay Huff
De'Andre Hunter,De'Andre Hunter
Bones Hyland,Bones Hyland
Serge Ibaka,Serge Ibaka
Andre Iguodala,Andre Iguodala
Joe Ingles,Joe Ingles
Brandon Ingram,Brandon Ingram
Kyrie Irving,Kyrie Irving
Jonathan Isaac,Jonathan Isaac
Jaden Ivey,Jaden Ivey
Isaiah Jackson,Isaiah Jackson
Jaren Jackson Jr.,Jaren Jackson Jr.
Justin Jackson,Justin Jackson
Quenton Jackson,Quenton Jackson
Reggie Jackson,Reggie Jackson
LeBron James,LeBron James
Ty Jerome,Ty Jerome
Isaiah Joe,Isaiah Joe
Alize Johnson,Alize Johnson
Cameron Johnson,Cameron Johnson
Jalen Johnson,Jalen Johnson
James Johnson,James Johnson
Keldon Johnson,Keldon Johnson
Keon Johnson,Keon Johnson
Stanley Johnson,Stanley Johnson
Carlik Jones,Carlik Jones
Damian Jones,Damian Jones
Derrick Jones Jr.,Derrick Jones Jr.
Herbert Jones,Herbert Jones
Kai Jones,Kai Jones
Tre Jones,Tre Jones
Tyus Jones,Tyus Jones
DeAndre Jordan,DeAndre Jordan
Cory Joseph,Cory Joseph
Johnny Juzang,Johnny Juzang
Mfiondu Kabengele,Mfiondu Kabengele
Frank Kaminsky,Frank Kaminsky
Luke Kennard,Luke Kennard
Walker Kessler,Walker Kessler
Braxton Key,Braxton Key
Louis King,Louis King
Corey Kispert,Corey Kispert
Maxi Kleber,Maxi Kleber
Nathan Knight,Nathan Knight
Christian Koloko,Christian Koloko
John Konchar,John Konchar
Furkan Korkmaz,Furkan Korkmaz
Luke Kornet,Luke Kornet
Vit Krejci,Vit Krejci
Jonathan Kuminga,Jonathan Kuminga
Kyle Kuzma,Kyle Kuzma
Anthony Lamb,Anthony Lamb
Jock Landale,Jock Landale
Romeo Langford,Romeo Langford
Jake LaRavia,Jake LaRavia
Zach LaVine,Zach LaVine
A.J. Lawson,A.J. Lawson
Damion Lee,Damion Lee
Saben Lee,Saben Lee
Alex Len,Alex Len
Kawhi Leonard,Kawhi Leonard
Meyers Leonard,Meyers Leonard
Caris LeVert,Caris LeVert
Kira Lewis Jr.,Kira Lewis Jr.
Damian Lillard,Damian Lillard
Nassir Little,Nassir Little
Isaiah Livers,Isaiah Livers
Kenneth Lofton Jr.,Kenneth Lofton Jr.
Kevon Looney,Kevon Looney
Brook Lopez,Brook Lopez
Robin Lopez,Robin Lopez
Kevin Love,Kevin Love
Kyle Lowry,Kyle Lowry
Trey Lyles,Trey Lyles
Sandro Mamukelashvili,Sandro Mamukelashvili
Terance Mann,Terance Mann
Tre Mann,Tre Mann
Lauri Markkanen,Lauri Markkanen
Naji Marshall,Naji Marshall
Caleb Martin,Caleb Martin
Cody Martin,Cody Martin
Kenyon Martin Jr.,Kenyon Martin Jr.
Tyrese Martin,Tyrese Martin
Garrison Mathews,Garrison Mathews
Bennedict Mathurin,Bennedict Mathurin
Wesley Matthews,Wesley Matthews
Tyrese Maxey,Tyrese Maxey
Skylar Mays,Skylar Mays
Miles McBride,Miles McBride
Mac McClung,Mac McClung
CJ McCollum,CJ McCollum
T.J. McConnell,T.J. McConnell
Jaden McDaniels,Jaden McDaniels
Jalen McDaniels,Jalen McDaniels
Doug McDermott,Doug McDermott
JaVale McGee,JaVale McGee
Bryce McGowens,Bryce McGowens
Rodney McGruder,Rodney McGruder
Jordan McLaughlin,Jordan McLaughlin
De'Anthony Melton,De'Anthony Melton
Sam Merrill,Sam Merrill
Chimezie Metu,Chimezie Metu
Khris Middleton,Khris Middleton
Patty Mills,Patty Mills
Shake Milton,Shake Milton
Justin Minaya,Justin Minaya
Josh Minott,Josh Minott
Davion Mitchell,Davion Mitchell
Donovan Mitchell,Donovan Mitchell
Evan Mobley,Evan Mobley
Isaiah Mobley,Isaiah Mobley
Chima Moneke,Chima Moneke
Malik Monk,Malik Monk
Moses Moody,Moses Moody
Xavier Moon,Xavier Moon
Wendell Moore Jr.,Wendell Moore Jr.
Ja Morant,Ja Morant
Markieff Morris,Markieff Morris
Monte Morris,Monte Morris
Trey Murphy III,Trey Murphy III
Dejounte Murray,Dejounte Murray
Jamal Murray,Jamal Murray
Keegan Murray,Keegan Murray
Mike Muscala,Mike Muscala
Svi Mykhailiuk,Svi Mykhailiuk
Larry Nance Jr.,Larry Nance Jr.
Andrew Nembhard,Andrew Nembhard
Aaron Nesmith,Aaron Nesmith
Raul Neto,Raul Neto
Georges Niang,Georges Niang
Daishen Nix,Daishen Nix
Zeke Nnaji,Zeke Nnaji
Nerlens Noel,Nerlens Noel
Jaylen Nowell,Jaylen Nowell
Frank Ntilikina,Frank Ntilikina
Kendrick Nunn,Kendrick Nunn
Jordan Nwora,Jordan Nwora
Royce O'Neale,Royce O'Neale
Chuma Okeke,Chuma Okeke
Josh Okogie,Josh Okogie
Onyeka Okongwu,Onyeka Okongwu
Isaac Okoro,Isaac Okoro
KZ Okpala,KZ Okpala
Victor Oladipo,Victor Oladipo
Kelly Olynyk,Kelly Olynyk
Eugene Omoruyi,Eugene Omoruyi
Cedi Osman,Cedi Osman
Kelly Oubre Jr.,Kelly Oubre Jr.
Chris Paul,Chris Paul
Cameron Payne,Cameron Payne
Gary Payton II,Gary Payton II
Theo Pinson,Theo Pinson
Scotty Pippen Jr.,Scotty Pippen Jr.
Mason Plumlee,Mason Plumlee
Jakob Poeltl,Jakob Poeltl
Aleksej Pokusevski,Aleksej Pokusevski
Jordan Poole,Jordan Poole
Kevin Porter Jr.,Kevin Porter Jr.
Michael Porter Jr.,Michael Porter Jr.
Otto Porter Jr.,Otto Porter Jr.
Bobby Portis,Bobby Portis
Micah Potter,Micah Potter
Dwight Powell,Dwight Powell
Norman Powell,Norman Powell
Jason Preston,Jason Preston
Joshua Primo,Joshua Primo
Taurean Prince,Taurean Prince
Payton Pritchard,Payton Pritchard
Trevelin Queen,Trevelin Queen
Neemias Queta,Neemias Queta
Immanuel Quickley,Immanuel Quickley
Lester Quinones,Lester Quinones
Julius Randle,Julius Randle
Austin Reaves,Austin Reaves
Cam Reddish,Cam Reddish
Davon Reed,Davon Reed
Paul Reed,Paul Reed
Naz Reid,Naz Reid
Jared Rhoden,Jared Rhoden
Nick Richards,Nick Richards
Josh Richardson,Josh Richardson
Austin Rivers,Austin Rivers
Duncan Robinson,Duncan Robinson
Mitchell Robinson,Mitchell Robinson
Orlando Robinson,Orlando Robinson
Jeremiah Robinson-Earl,Jeremiah Robinson-Earl
Isaiah Roby,Isaiah Roby
David Roddy,David Roddy
Ryan Rollins,Ryan Rollins
Derrick Rose,Derrick Rose
Terrence Ross,Terrence Ross
Terry Rozier,Terry Rozier
Ricky Rubio,Ricky Rubio
D'Angelo Russell,D'Angelo Russell
Matt Ryan,Matt Ryan
Domantas Sabonis,Domantas Sabonis
Olivier Sarr,Olivier Sarr
Admiral Schofield,Admiral Schofield
Jay Scrubb,Jay Scrubb
Dereon Seabron,Dereon Seabron
Collin Sexton,Collin Sexton
Landry Shamet,Landry Shamet
Day'Ron Sharpe,Day'Ron Sharpe
Shaedon Sharpe,Shaedon Sharpe
Pascal Siakam,Pascal Siakam
Chris Silva,Chris Silva
Ben Simmons,Ben Simmons
Kobi Simmons,Kobi Simmons
Marko Simonovic,Marko Simonovic
Anfernee Simons,Anfernee Simons
Jericho Sims,Jericho Sims
Marcus Smart,Marcus Smart
Dennis Smith Jr.,Dennis Smith Jr.
Dru Smith,Dru Smith
Ish Smith,Ish Smith
Jabari Smith Jr.,Jabari Smith Jr.
Jalen Smith,Jalen Smith
Xavier Sneed,Xavier Sneed
Jeremy Sochan,Jeremy Sochan
Jaden Springer,Jaden Springer
Lamar Stevens,Lamar Stevens
Isaiah Stewart,Isaiah Stewart
Max Strus,Max Strus
Jalen Suggs,Jalen Suggs
Edmond Sumner,Edmond Sumner
Cole Swider,Cole Swider
Jae'Sean Tate,Jae'Sean Tate
Jayson Tatum,Jayson Tatum
Terry Taylor,Terry Taylor
Garrett Temple,Garrett Temple
Dalen Terry,Dalen Terry
Daniel Theis,Daniel Theis
Cam Thomas,Cam Thomas
Klay Thompson,Klay Thompson
JT Thor,JT Thor
Matisse Thybulle,Matisse Thybulle
Isaiah Todd,Isaiah Todd
Obi Toppin,Obi Toppin
Juan Toscano-Anderson,Juan Toscano-Anderson
Karl-Anthony Towns,Karl-Anthony Towns
Gary Trent Jr.,Gary Trent Jr.
P.J. Tucker,P.J. Tucker
Myles Turner,Myles Turner
Jarred Vanderbilt,Jarred Vanderbilt
Fred VanVleet,Fred VanVleet
Devin Vassell,Devin Vassell
Gabe Vincent,Gabe Vincent
Noah Vonleh,Noah Vonleh
Dean Wade,Dean Wade
Franz Wagner,Franz Wagner
Moritz Wagner,Moritz Wagner
Ish Wainright,Ish Wainright
Jabari Walker,Jabari Walker
Kemba Walker,Kemba Walker
Lonnie Walker IV,Lonnie Walker IV
John Wall,John Wall
T.J. Warren,T.J. Warren
Duane Washington Jr.,Duane Washington Jr.
P.J. Washington,P.J. Washington
TyTy Washington Jr.,TyTy Washington Jr.
Yuta Watanabe,Yuta Watanabe
Lindy Waters III,Lindy Waters III
Trendon Watford,Trendon Watford
Peyton Watson,Peyton Watson
Blake Wesley,Blake Wesley
Russell Westbrook,Russell Westbrook
Coby White,Coby White
Derrick White,Derrick White
Jack White,Jack White
Joe Wieskamp,Joe Wieskamp
Aaron Wiggins,Aaron Wiggins
Andrew Wiggins,Andrew Wiggins
Lindell Wigginton,Lindell Wigginton
Donovan Williams,Donovan Williams
Grant Williams,Grant Williams
Jalen Williams,Jalen Williams
Jaylin Williams,Jaylin Williams
Jeenathan Williams,Jeenathan Williams
Kenrich Williams,Kenrich Williams
Mark Williams,Mark Williams
Patrick Williams,Patrick Williams
Vince Williams Jr.,Vince Williams Jr.
Ziaire Williams,Ziaire Williams
Zion Williamson,Zion Williamson
Dylan Windler,Dylan Windler
Justise Winslow,Justise Winslow
James Wiseman,James Wiseman
Christian Wood,Christian Wood
Delon Wright,Delon Wright
McKinley Wright IV,McKinley Wright IV
Gabe York,Gabe York
Thaddeus Young,Thaddeus Young
Trae Young,Trae Young
Omer Yurtseven,Omer Yurtseven
Cody Zeller,Cody Zeller
Ivica Zubac,Ivica Zubac
A.J. Green,AJ Green
